Client Name,Lobbyist,ABN
1st Group,TG Public Affairs,23630677673
Asterion (Australia) Pty Ltd,Jeanes Holland  & Associates,41 059 328 853
Assistance Dogs Australia,Hawker Britton,79 109 681 405
Aurum Pacific,Next Level Strategic Services,27 613 857 668
ASYS COMPUTER CONSULTING PTY. LTD.,Walsh Stevens,18084661441
Aspley Australian Football and Sporting Club Ltd,DWS Hospitality Specialists,50 113 985 247
Aspen Medical Pty Ltd,Nexus APAC Pty Ltd,76 615 655 699
ASM Global,Jutsum Advisory Pty Ltd,68 973 583 422
ASE Group,BB Win Win Outcomes,91 671 079 056
Arora & Bunpan Pty Ltd,Precise Hospitality Licensing,46220117164
Ariane Space,Pynfall Pty Ltd,39 008 566 943
Zscaler,Hawker Britton,79 109 681 405
Zoetis Australia Pty Ltd,Willard Public Affairs Pty Ltd,17 165 851 856
ZIPMONEY PAYMENTS PTY LTD,Sling and Stone,87 145 965 466
Zero Mass Water (Australia) Pty Limited,GRACosway Pty Ltd,50 082 123 822
Zero Industrials,Jutsum Advisory Pty Ltd,68 973 583 422
Yumbah Aquaculture,Porter Novelli Australia Pty Ltd,40079616050
ATF Maritime Trade Towers Trust,DPG Advisory Solutions Pty Ltd,14 634 403 115
Youth Insearch,WELLS HASLEM MAYHEW STRATEGIC PUBLIC AFFAIRS,52 159 456 685
Young Change Agents,Fifty Acres - The Communications Agency,29 145 634 224
Ying Enterprise Pty Ltd ,Commercial Licensing Specialists,33 134 318 595
Yeronga Services  Club,Jacaranda Advisory,41 673 550 487
Yancoal Australia Limited,Statecraft Pty Ltd,90 116 598 924
Yabbr Pty Ltd,Anacta Strategies Pty Ltd,64 633 978 677
Yumba Meta Housing Association ,Next Level Strategic Services,27 613 857 668
XREF (AU) PTY LTD,Sling and Stone,87 145 965 466
XERO AUSTRALIA PTY LIMITED,Sling and Stone,87 145 965 466
XCOAL MINING SERVICES PTY LTD,Walsh Stevens,18084661441
Xamplify Group Pty Ltd,PYNE AND PARTNERS,81 634 747 363
WYWM SERVICES PTY LTD,Sling and Stone,87 145 965 466
WPP AUNZ,Hawker Britton,79 109 681 405
Wounded Heroes Australia,Kurrajong Strategic Counsel,14 625 954 912
World Surf League Australia,Next Level Strategic Services,27 613 857 668
WorkHaven Pty Ltd,Anacta Strategies Pty Ltd,64 633 978 677
Woorim Developments Pty Ltd as Trustee for the Woorim Developments Trust,Precise Hospitality Licensing,46220117164
Within Energy Pty Ltd,advico,52658982471
Wing Aviation Pty Ltd,SEC Newgate,38162366056
Windlabsystems,SEC Newgate,38162366056
Ateco Group,Iemma Patterson Premier Advisory,53 830 148 273
WINC AUSTRALIA & NEW ZEALAND PTY LTD,Cornerstone Group,9915 3936 719
Wik Timber Holdings Pty Ltd,Candra Business Advisers,26 116 275 382
Wik Projects Limited,Candra Business Advisers,26 116 275 382
WHITSUNDAY SPORT PARK INC,Jacaranda Advisory,41 673 550 487
White Ribbon Australia,Primary Communication,36617864347
Wesfarmers Limited,DPG Advisory Solutions Pty Ltd,14 634 403 115
WE Platt,Kurrajong Strategic Counsel,14 625 954 912
Wave Parks Australia,Project Urban Pty Ltd,97 608 895 923
Wanless Waste Management Pty Ltd,Anacta Strategies Pty Ltd,64 633 978 677
ATN Technology Group of Universities,The Write Connection,55 073 965 616
Watpac Construction (Qld) Pty Ltd ,Anacta Strategies Pty Ltd,64 633 978 677
Wambo Cattle Company,PolicyWonks,50 463 070 316
Wabtec,PolicyWonks,50 463 070 316
W & M Carnall Pty Ltd ,Adams + Sparkes Town Planning and Development,39 290 334 500
VNP Corporation Pty Ltd,Commercial Licensing Specialists,33 134 318 595
Viva Energy Australia,TG Public Affairs,23630677673
Vitale Projects Pty Ltd,Jutsum Advisory Pty Ltd,68 973 583 422
Visy Industries Pty Ltd,The Fifth Estate,51 069 838 222
Virsec,Capital Integrity,99 649 180 898
Virginia United Football Club Inc,Liquor Licensing Consultants,58 679 042 968
Vintage Energy,Conlon Advisory,11 951 391 072
Wounds Australia Limited,Watt Advocacy & Communications,16 642 238 702
Villawood Properties,Spring Street Advisory,92 603 411 650
Village Fair Investments Pty Ltd aft the Beerwah Marketplace,Anna Grosskreutz Consulting,75 726 352 169
Viking  River Cruises Australia Pty Ltd,Primary Communication,36617864347
Victorian Trailers Pty Ltd,GRACosway Pty Ltd,50 082 123 822
White Wind Project No 1 Pty Ltd,Anacta Strategies Pty Ltd,64 633 978 677
Vicinity Centres PM Pty Ltd,The Civic Group,57 157 925 365
Viatris Pty Ltd,Nexus APAC Pty Ltd,76 615 655 699
WestRex,Social Impact (Qld),13 112 982 323
Ausenco Pty Ltd,Next Level Strategic Services,27 613 857 668
Vertex Pharmaceuticals (Australia) Pty Ltd,Willard Public Affairs Pty Ltd,17 165 851 856
Vaxxas,Royce Comm,91 167 042 408
Vast Solar Pty Ltd,Anacta Strategies Pty Ltd,64 633 978 677
Varley Rafael Australia,Outcomes & Strategies Group,20 018 352 673
Vanguard Health,TG Public Affairs,23630677673
V2 FOOD PTY LTD,FPL Advisory,34123819385
URBNSURF GROUP Pty Ltd,GRACosway Pty Ltd,50 082 123 822
Urbis Pty Ltd ,Marketplace Communications,23 011 007 293
Urbanity Projects,Jutsum Advisory Pty Ltd,68 973 583 422
URANNAH WATER SCHEME PTY LTD,Anacta Strategies Pty Ltd,64 633 978 677
Varley Pty Ltd,Outcomes & Strategies Group,20 018 352 673
Upjohn Australia,Nexus APAC Pty Ltd,76 615 655 699
Unovino Pty Ltd,Precise Hospitality Licensing,46220117164
Unitywater,Anacta Strategies Pty Ltd,64 633 978 677
United Petroleum,PolicyWonks,50 463 070 316
AstraZeneca Pty Ltd,Ogilvy PR Agency Pty Limited,89 096 965 794
United Petroleum Pty Ltd,CT Group,72600464855
UGL Pty Limited,TG Public Affairs,23630677673
UFC,CPR Communications and Public Relations Pty Ltd (Melbourne),"ABN 94064357544, ACN 064357544"
Uber,Hawker Britton,79 109 681 405
U.S. Chamber of Commerce,Willard Public Affairs Pty Ltd,17 165 851 856
Tursiops Pty Ltd atf P.L Lynch Family Trust,Commercial Licensing Specialists,33 134 318 595
Tuckeria Pty Ltd,Commercial Licensing Specialists,33 134 318 595
Trustgrid Pty Ltd,PremierNational,71 619 450 841
Tri-Star,Northstar Public Affairs Pty Ltd,25 638 744 046
Triple P International Pty Ltd,Primary Communication,36617864347
Trinity Health Enterprise (HK) Limited,Christmas Jalili,26614088881
Tresillian Family Care Centres,Kurrajong Strategic Counsel,14 625 954 912
TWITTER AUSTRALIA HOLDINGS PTY LIMITED,Sling and Stone,87 145 965 466
Transgrid,Northstar Public Affairs Pty Ltd,25 638 744 046
Vestas Australia,Spring Street Advisory,92 603 411 650
TPG Telecom,TG Public Affairs,23630677673
TriCare,Promedia Public Relations,52 010 453 826
Trailers Downunder Pty Ltd,GRACosway Pty Ltd,50 082 123 822
Tindo Solar,Wilkinson Butler,95164204111
Village Road Show,Govstrat Pty Ltd,64 964 952 044
Tieri Country Club Inc,Liquor Licensing Consultants,58 679 042 968
Ti Tree bioENERGY,Social Impact (Qld),13 112 982 323
Thoroughbred Breeders Australia,Preferment Associates,30432308596
TheirCare Pty Ltd,GRACosway Pty Ltd,50 082 123 822
The Walt Disney Company,The Inner Circle Strategic Advisory,75634265311
The University of Notre Dame Australia,TG Public Affairs,23630677673
The University of Adelaide,Jeanes Holland  & Associates,41 059 328 853
the trustee for the Elementsnq unit trust,Empower Pty Ltd,33633821366
TOMRA Group,Cornerstone Group,9915 3936 719
The Shell Company of Australia Ltd,TG Public Affairs,23630677673
The Royal Australian College of General Practitioners Ltd (RACGP),GRACosway Pty Ltd,50 082 123 822
The Rising Sun Restaurant & Bar,Commercial Licensing Specialists,33 134 318 595
VERTO,Atlas Alliance,606084913
The Platinum Empire Pty Ltd,Commercial Licensing Specialists,33 134 318 595
The Peer Support Foundation Ltd (ABN 40 002 634 853),Australian Public Affairs,20 098 705 403
The National Council of the Young Men's Christian Associations of Australia,GRACosway Pty Ltd,50 082 123 822
The Monte Family Trust,Jutsum Advisory Pty Ltd,68 973 583 422
Townsville and District Rugby Union,Empower Pty Ltd,33633821366
The Minderoo Foundation,SEC Newgate,38162366056
TITOMIC LIMITED,PYNE AND PARTNERS,81 634 747 363
The Linden Group Pty Ltd,GR Solutions,28 125 233 543
The Kids Cancer Project,Kurrajong Strategic Counsel,14 625 954 912
The Jungle Village Pty Ltd,Commercial Licensing Specialists,33 134 318 595
The Pharmacy Guild of Australia Queensland Branch,Hawker Britton,79 109 681 405
The Jetty Specialists,Project Urban Pty Ltd,97 608 895 923
The Hi Fi Brisbane Pty Ltd,Commercial Licensing Specialists,33 134 318 595
The Don Moffatt Family Trust,Hawker Britton,79 109 681 405
The Digital Filing Company Pty Ltd,Santoro Consulting,21 131 482 230
The Crane Industry Council of Australia,Hawker Britton,79 109 681 405
The Club Hotel 1938 Pty Ltd,Liquor Licensing Consultants,58 679 042 968
The Escape Group Pty Ltd,Commercial Licensing Specialists,33 134 318 595
The Butterfly Foundation,Primary Communication,36617864347
The Better Health Generation Australia & UK,BB Win Win Outcomes,91 671 079 056
Texthelp Pty Ltd,Sling and Stone,87 145 965 466
Titan Fibre Networks Pty Ltd,SAS Group,33 136 520 548
Tewantin Noosa RSL,DWS Hospitality Specialists,50 113 985 247
Tetra Pak,FTI Consulting,49 160 397 811
Test Client Only,Test Only,12 345 678 910
Test Client 2 Only,Test Only,12 345 678 910
The Trustee for Future Super Fund,Sling and Stone,87 145 965 466
Tellus Holdings,Fitzpatrick Advisory,24 524 372 289
TechnologyOne,Santoro Consulting,21 131 482 230
test,Test by QIC 4,111111111
TCC OPERATIONS PTY LTD,Liquor Licensing Consultants,58 679 042 968
The Australian Energy Foundation,PremierNational,71 619 450 841
Tap House Pty Ltd,Commercial Licensing Specialists,33 134 318 595
The Nature Conservancy,Diplomacy,17148998645
TALi Health,Kurrajong Strategic Counsel,14 625 954 912
SYPAQ SYSTEMS PTY LTD,CMAX Advisory,73 130 740 546
SynBio,Social Impact (Qld),13 112 982 323
Sympli Australia Pty Ltd,FTI Consulting,49 160 397 811
TAMAYA PTY LTD,Cornerstone Group,9915 3936 719
Switch Health,GRACosway Pty Ltd,50 082 123 822
The Millmerran Rail Group,PolicyWonks,50 463 070 316
Tabcorp Holdings,Govstrat Pty Ltd,64 964 952 044
Swiss Re,WELLS HASLEM MAYHEW STRATEGIC PUBLIC AFFAIRS,52 159 456 685
Swifts Leagues Club,Jacaranda Advisory,41 673 550 487
Svitzer,Wilkinson Butler,95164204111
Surf Life Saving Queensland,The Inner Circle Strategic Advisory,75634265311
Sureway Employment and Training,TG Public Affairs,23630677673
Swyftx,DPG Advisory Solutions Pty Ltd,14 634 403 115
Sunshine Coast Orthopaedic Group,Anacta Strategies Pty Ltd,64 633 978 677
The McKinnon Institute for Political Leadership,Barton Deakin,65 140 067 287
Sunset Power International Pty Ltd Trading as Delta Electricity,John Short,62880904917
Sunday Hospitality Group Pty Ltd,Precise Hospitality Licensing,46220117164
TeamKids,GRACosway Pty Ltd,50 082 123 822
Sun Tourism Pty Ltd,Commercial Licensing Specialists,33 134 318 595
Sunshine Hospice,Project Urban Pty Ltd,97 608 895 923
Sun Saltwater Creek Hotel Pty Ltd,Jacaranda Advisory,41 673 550 487
Sun Metals Corporation,Govstrat Pty Ltd,64 964 952 044
Sunnybank Community & Sports Club,Zealifi,66 129 799 408
Sun Helensvale Tavern Pty Ltd ATF Sun Helensvale Tavern Discretionary Trust,Jacaranda Advisory,41 673 550 487
Study Group ,Primary Communication,36617864347
Stryker,CMAX Advisory,73 130 740 546
Sun Stafford Tavern Pty Ltd,Jacaranda Advisory,41 673 550 487
Switch Distillery Pty Ltd,Precise Hospitality Licensing,46220117164
Streem Pty Ltd,Anacta Strategies Pty Ltd,64 633 978 677
Sun Hotel Enterprise Pty Ltd,Jacaranda Advisory,41 673 550 487
Suncoast Cafes Pty Ltd,Liquor Licensing Consultants,58 679 042 968
Stormwater360 Australia ,Santoro Consulting,21 131 482 230
Stormbringer Studios Pty Ltd,TG Public Affairs,23630677673
Strong Room Technology Pty Ltd,TG Public Affairs,23630677673
Sunshine Coast Airport,Next Level Strategic Services,27 613 857 668
STM Brisbane Pty Ltd,Jacaranda Advisory,41 673 550 487
Stillbirth Foundation Australia,Australian Public Affairs,20 098 705 403
Strand Properties Townsville Pty Ltd,Commercial Licensing Specialists,33 134 318 595
Stayz,Hawker Britton,79 109 681 405
Star Scientific,Hawker Britton,79 109 681 405
Star Entertainment Group,Govstrat Pty Ltd,64 964 952 044
Stanthorpe RSL Services Club Inc,DWS Hospitality Specialists,50 113 985 247
Stockland,DPG Advisory Solutions Pty Ltd,14 634 403 115
StandbyU Foundation,BB Win Win Outcomes,91 671 079 056
Standards Australia,TG Public Affairs,23630677673
St Francis Group,GRA Partners Pty Limited,56 131 702 755
Sterlite Technologies Pty Ltd,SAS Group,33 136 520 548
Springfield Land Corporation,Govstrat Pty Ltd,64 964 952 044
Story Bridge Adventure Climb,Forrester Consulting,48 697 260 710
Springbok Foods Pty Ltd,Commercial Licensing Specialists,33 134 318 595
SPM Assets Pty Ltd,Federation Public Affairs,19 642 230 162
Spirits and Cocktails Australia,Hawker Britton,79 109 681 405
Spirit Hotels Group ,DWS Hospitality Specialists,50 113 985 247
Spinal Life Australia,PolicyWonks,50 463 070 316
Southern Pacific Flight Training,Australian Strategic Advisory,51623355377
Southern Cross Community Healthcare,SEC Newgate,38162366056
southern cross community healthcare,SEC Newgate,38162366056
Spotlight Property Group,Hawker Britton,79 109 681 405
South Rugby League,Social Impact (Qld),13 112 982 323
South Burnett Regional Council,Taylor Connect,39 632 234 916
Source Global,GRACosway Pty Ltd,50 082 123 822
St Baker Energy Innovation Fund,John Short,62880904917
Sonic Innovations Pty Ltd,Primary Communication,36617864347
Sonic Healthcare,Nexus APAC Pty Ltd,76 615 655 699
South Sky Assets Pty Ltd ,Commercial Licensing Specialists,33 134 318 595
Somerset Regional Council,Precise Hospitality Licensing,46220117164
Soldier On,CMAX Advisory,73 130 740 546
Strike Australia Pty Ltd,Liquor Licensing Consultants,58 679 042 968
SoftwareONE,Hawker Britton,79 109 681 405
Smiling Mind,Primary Communication,36617864347
Smart Pups Assistance Dogs for Special Needs Children Inc,Anacta Strategies Pty Ltd,64 633 978 677
Smart Energy Council,PremierNational,71 619 450 841
Smart Capital Group,SAS Group,33 136 520 548
SMA Technology Australia Pty Ltd ,Ogilvy PR Agency Pty Limited,89 096 965 794
SLACK AUSTRALIA PTY LTD,Sling and Stone,87 145 965 466
Skyborne Technologies Pty Ltd,Jutsum Advisory Pty Ltd,68 973 583 422
SkillsLogiQ,PolicyWonks,50 463 070 316
SIXDegrees Hospitality Group,GRA Partners Pty Limited,56 131 702 755
Sirrom Corporation (Aust.) Pty Ltd,Liquor Licensing Consultants,58 679 042 968
Sing's Vietnamese Kitchen Pty Ltd,Jacaranda Advisory,41 673 550 487
Simon James Pty Ltd ,Commercial Licensing Specialists,33 134 318 595
Silver Lake Partners,TG Public Affairs,23630677673
Silver Chain Group,Hawker Britton,79 109 681 405
Stanmore Resources Limited,Rowland Pty Ltd,59 011 033 364
Silanna Group,PolicyWonks,50 463 070 316
Southern Oil refining,Social Impact (Qld),13 112 982 323
Showbar140 Pty Ltd ,Commercial Licensing Specialists,33 134 318 595
Shooters JV Pty Ltd,Commercial Licensing Specialists,33 134 318 595
Shine Justice Ltd,Anacta Strategies Pty Ltd,64 633 978 677
Shibui Qld Pty Ltd ATF Shibui Unit Trust ,Commercial Licensing Specialists,33 134 318 595
Sherwood Services Club ,DWS Hospitality Specialists,50 113 985 247
Shell,Next Level Strategic Services,27 613 857 668
Sign Site Group Pty Ltd,Santoro Consulting,21 131 482 230
Soul Safe Pty Ltd,CT Group,72600464855
Sims Metal Management,TG Public Affairs,23630677673
Sexcess Pty Ltd,Commercial Licensing Specialists,33 134 318 595
Seven West Media,TG Public Affairs,23630677673
Serco Group Pty Ltd,CT Group,72600464855
SENDLE PTY LTD,Sling and Stone,87 145 965 466
Seek Limited,Cornerstone Group,9915 3936 719
Smart Group Corporation,Profile Consulting (Aust) Pty Ltd,47 166 122 434
SECORA,CMAX Advisory,73 130 740 546
SeaSwift,Anacta Strategies Pty Ltd,64 633 978 677
Seacliff Developments Pty Ltd,GR Solutions,28 125 233 543
Sherdar Australia Bio Refinery Pty Ltd,CT Group,72600464855
SEA Electric,PolicyWonks,50 463 070 316
Sekisui House Australia Pty Ltd,SAS Group,33 136 520 548
Scouts Australia,Primary Communication,36617864347
Shardiez Pty Ltd ATF McCormack Family Trust,Jacaranda Advisory,41 673 550 487
Shahnameh Group Pty Ltd,Precise Hospitality Licensing,46220117164
Saunders Havill Group,Santoro Consulting,21 131 482 230
Saorsa Health,Social Impact (Qld),13 112 982 323
Santinos Restaurant Pty Ltd ,Commercial Licensing Specialists,33 134 318 595
Santé Group,Hawker Britton,79 109 681 405
Sands - Miscarriage Stillbirth Newborn Death Support,GRACosway Pty Ltd,50 082 123 822
Sandmore Marketing Pty Ltd ATF WEK Business Trust ,Commercial Licensing Specialists,33 134 318 595
Schlumberger Australia Pty Ltd,Edelman Public Relations Worldwide Pty Ltd,40 004 846 100
secret squiggle pty ltd,Liquor Licensing Consultants,58 679 042 968
Say Less Café and Bar Pty Ltd,Precise Hospitality Licensing,46220117164
Salter Brothers Group,LK Creative Pty Ltd,ACN 140  857 432
SAP Australia Pty Ltd,Next Level Strategic Services,27 613 857 668
Salesforce,PolicyWonks,50 463 070 316
Salcef S.p.A,Santoro Consulting,21 131 482 230
Saga Hospitality Group Pty Ltd,Commercial Licensing Specialists,33 134 318 595
Samsung Electronics Australia,Edelman Public Relations Worldwide Pty Ltd,40 004 846 100
Samstone Pty Ltd ,Cornerstone Group,9915 3936 719
Salt House Pty Ltd,Commercial Licensing Specialists,33 134 318 595
Salary Packaging Australia Pty Ltd,Anacta Strategies Pty Ltd,64 633 978 677
Rural Bank,Porter Novelli Australia Pty Ltd,40079616050
Safety Australia Group,Government and Corporate Advisory Network,14 641 055 272
RT & JA Duncan ATF RT & JA Duncan Family Trust,Jacaranda Advisory,41 673 550 487
SAAB,TG Public Affairs,23630677673
RPS AAP CONSULTING PTY LTD,SAS Group,33 136 520 548
Rural Funds Management,TG Public Affairs,23630677673
Royal Caribbean,Richardson Coutts Pty Ltd,20 126 507 211
"Royal Caribbean Cruises Limited, USA",FIPRA Australia,50 078 482 596
Royal Caribbean Cruises Australia P/L,FIPRA Australia,50 078 482 596
Rodd & Gunn Australia Pty Ltd,Liquor Licensing Consultants,58 679 042 968
Roche,Ogilvy PR Agency Pty Limited,89 096 965 794
Robina Group,Promedia Public Relations,52 010 453 826
Roberts Pizzarotti Pty Limited,PremierNational,71 619 450 841
RMG HYDROGEN TECHNOLOGIES PTY LTD,Counsel House Pty Ltd,35 631 919 009
Riverside Marine,PolicyWonks,50 463 070 316
Riverside Industrial Sands,PolicyWonks,50 463 070 316
Riverlife,Forrester Consulting,48 697 260 710
Rivergate Marina and Shipyard,Empower Pty Ltd,33633821366
S.E.L.F. Noosa Pty Ltd as Trustee for the NFM Unit Trust trading as Noosa Farmers Market,Strategic Pathways Consulting,ABN 56242935104
Risk 2 Solution Holdings Pty Ltd,Santoro Consulting,21 131 482 230
Salerno Law,Staerk Government and Media,32 844 592 574
Ripley Town Holdings Pty Ltd,SAS Group,33 136 520 548
Ripley Projects,PolicyWonks,50 463 070 316
Ruedas Business Investment Pty Ltd ,Commercial Licensing Specialists,33 134 318 595
RSM Australia Pty Ltd,BBS Communications Group Pty Ltd,34 010 899 779
Rhomberg Rail Australia,The Premier Communications Group,7313 750 8555
Rheinmetall Defence,TG Public Affairs,23630677673
Rio Tinto,DPG Advisory Solutions Pty Ltd,14 634 403 115
Rockpool Rac Pty Ltd,Liquor Licensing Consultants,58 679 042 968
Rex Energy Pty Ltd,Staerk Government and Media,32 844 592 574
RETURNED & SERVICES LEAGUE OF AUSTRALIA (QUEENSLAND BRANCH) KEDRON-WAVELL SUB BRANCH INCORPORATED,Strategic Political Counsel,24613884763
Rise-bakery Pty Ltd,Precise Hospitality Licensing,46220117164
Retail Guild,Govstrat Pty Ltd,64 964 952 044
Responsible Wagering Australia Holdings Ltd,GRACosway Pty Ltd,50 082 123 822
Rio Tinto Ltd,Govstrat Pty Ltd,64 964 952 044
RESPONSE GROUP INTERNATIONAL PTY LTD,Taylor Connect,39 632 234 916
Ridgeway Mak Pty Ltd,Commercial Licensing Specialists,33 134 318 595
ResourceCo,LK Creative Pty Ltd,ACN 140  857 432
ResMed Pty Ltd,Nexus APAC Pty Ltd,76 615 655 699
RES Australia,Spring Street Advisory,92 603 411 650
RemServ,Next Level Strategic Services,27 613 857 668
Rino Recycling,Social Impact (Qld),13 112 982 323
Remondis,CT Group,72600464855
REMONDIS Australia,Next Level Strategic Services,27 613 857 668
Regis Aged Care Pty Ltd,TG Public Affairs,23630677673
REFINITIV,CRISIS&COMMS CO,56 637 786 899
Redman Solutions Pty Ltd,Anacta Strategies Pty Ltd,64 633 978 677
Redkite,Nexus APAC Pty Ltd,76 615 655 699
RG Property,Hawker Britton,79 109 681 405
Redbank Nominees Pty Ltd,Commercial Licensing Specialists,33 134 318 595
Red Nose Limited,GRACosway Pty Ltd,50 082 123 822
"Recruitment, Consulting & Staffing Association",DPG Advisory Solutions Pty Ltd,14 634 403 115
RateSetter Australia RE Limited,GRACosway Pty Ltd,50 082 123 822
Rare Voices Australia,Ogilvy PR Agency Pty Limited,89 096 965 794
Ramsay Health Care,Next Level Strategic Services,27 613 857 668
Rainbow Bay Surf Life Savers Supporters Association Inc,DWS Hospitality Specialists,50 113 985 247
Responsible Energy,Jutsum Advisory Pty Ltd,68 973 583 422
Racing Australia,DPG Advisory Solutions Pty Ltd,14 634 403 115
QUINBROOK INFRASTRUCTURE PARTNERS PTY LTD,Govstrat Pty Ltd,64 964 952 044
Returned & Services League of Australia (Queensland Branch),Cannings Purple,37 108 802 366
Resort Brokers Asia Pacific,Spring Street Advisory,92 603 411 650
Queensland Resources Council,PolicyWonks,50 463 070 316
Queensland Pacific Metals Pty Ltd,Digby McLeay Consulting,81 165 559 339
Queensland Motorways Pty Ltd ,Anacta Strategies Pty Ltd,64 633 978 677
Qube Logistics,Taylor Connect,39 632 234 916
Quandamooka Yoolooburrabee Aboriginal Corporation,The Premier Communications Group,7313 750 8555
QTECTIC,Govstrat Pty Ltd,64 964 952 044
Quickcell Technology Products,PolicyWonks,50 463 070 316
Refrigerated Warehouse & Transport Association of Australia,Kurrajong Strategic Counsel,14 625 954 912
Qld Taxi Licence Owners,Mission Consulting Solutions,32660516974
"Qld Hotel & Liquor Group Pty Ltd atf The Windsor Hotel & Motel, Dalby Unit Trust",Commercial Licensing Specialists,33 134 318 595
Queensland Maritime Museum Association,Santoro Consulting,21 131 482 230
Q-bital Healthcare Solutions Pty Ltd,The Civic Group,57 157 925 365
QBE Management Services Pty Ltd,Counsel House Pty Ltd,35 631 919 009
QBE Insurance Australia Ltd,Hawker Britton,79 109 681 405
Prosegur Australia Pty Limited,GRACosway Pty Ltd,50 082 123 822
Property Leaders Brisbane,BBS Communications Group Pty Ltd,34 010 899 779
Property Exchange Australia Ltd,Profile Consulting (Aust) Pty Ltd,47 166 122 434
Proper Pizza Cafe Bar Pty Ltd,Liquor Licensing Consultants,58 679 042 968
Project Urban Pty Ltd,Project Urban Pty Ltd,97 608 895 923
QER Pty Ltd,Anacta Strategies Pty Ltd,64 633 978 677
Pro-invest Hotel Operating Sunshine Coast Pty Ltd,Liquor Licensing Consultants,58 679 042 968
Professional Standards Council,Primary Communication,36617864347
Prime Super Pty Ltd,TG Public Affairs,23630677673
QM Properties,Marketplace Communications,23 011 007 293
Primary Care Business Council (ABN 93 657 214 376),Australian Public Affairs,20 098 705 403
PreveCeutical (Australia) Pty Ltd,Jeanes Holland  & Associates,41 059 328 853
Pratt Holdings Pty Ltd,The Fifth Estate,51 069 838 222
Radiation Therapy Advisory Group,The Civic Group,57 157 925 365
Powerhouse Hub,TONY ROLFE Consulting,98 274 701 278
Private Healthcare Australia,DPG Advisory Solutions Pty Ltd,14 634 403 115
Poseidon Sea Pilots Pty Ltd,Anacta Strategies Pty Ltd,64 633 978 677
Prime Investment Group Holdings Pty Ltd,Precise Hospitality Licensing,46220117164
Port Waratah Coal Services Limited ,TG Public Affairs,23630677673
Port of Brisbane Pty Ltd ,Govstrat Pty Ltd,64 964 952 044
Queensland Cricketers Club,Social Impact (Qld),13 112 982 323
PointsBet Australia Pty Ltd,Cornerstone Group,9915 3936 719
Power Ledger,Strategic Political Counsel,24613884763
Plumbing Industry Climate Action Centre,Michelson Alexander Pty Ltd,50 660 359 866
Plotlogic Pty Ltd,GRACosway Pty Ltd,50 082 123 822
Plenti Pty Limited,GRACosway Pty Ltd,50 082 123 822
Plenary Group,Anacta Strategies Pty Ltd,64 633 978 677
Pro-Invest HotelsBrisbane Hydrus Pty Ltd,Liquor Licensing Consultants,58 679 042 968
Platinum on Duporth Pty Ltd,Precise Hospitality Licensing,46220117164
PLATEAU PLANTS,Walsh Stevens,18084661441
POS Brisbane Pty Ltd,Jacaranda Advisory,41 673 550 487
PIZZA PAN GROUP PTY LTD,Groundswell Leaders,33 103 434 840
Pinzone Fishing Enterprises,Project Urban Pty Ltd,97 608 895 923
Pine Rivers Memorial Bowls Club,DWS Hospitality Specialists,50 113 985 247
Polestar,PolicyWonks,50 463 070 316
Players Showgirls Pty Ltd,Commercial Licensing Specialists,33 134 318 595
PMI Australia,Woodhill Communication Pty Ltd,62 613 694 189
Pilatus Australia Pty Ltd,Chris Schacht,19 927 269 400
Pikos Group,Social Impact (Qld),13 112 982 323
Pickwick Group,BB Win Win Outcomes,91 671 079 056
Pinssar Pty Ltd,Anacta Strategies Pty Ltd,64 633 978 677
Phosphate International,Anacta Strategies Pty Ltd,64 633 978 677
Phonographic Performance Company of Australia,TG Public Affairs,23630677673
Pilbara Iron Company (Services) Pty Ltd,CGM Communications Pty Ltd,66 619 642 858
Perry Cross Spinal Research,Promedia Public Relations,52 010 453 826
PepsiCo Australia & New Zealand,GRACosway Pty Ltd,50 082 123 822
Port of Newcastle,DPG Advisory Solutions Pty Ltd,14 634 403 115
Pepè Italia,Jacaranda Advisory,41 673 550 487
PEP Services Pty Limited,GRACosway Pty Ltd,50 082 123 822
Pindan Group,Promedia Public Relations,52 010 453 826
Pembroke Resources Pty Ltd,Next Level Strategic Services,27 613 857 668
Pelvic Pain Foundation,SEC Newgate,38162366056
Pathology Technology Australia,London Agency,73145352147
Pathology Awareness Australia,London Agency,73145352147
Paradise R Us Pty Ltd,Liquor Licensing Consultants,58 679 042 968
Paradise Garden Development Pty Ltd,BBS Communications Group Pty Ltd,34 010 899 779
Photonis Technologies SAS,Pynfall Pty Ltd,39 008 566 943
Paradise Cocktails & Syrups Pty Ltd,Commercial Licensing Specialists,33 134 318 595
PANDA - Perinatal Anxiety & Depression Australia Inc,John Connolly & Partners,50 056 165 827
Pancare Foundation,Bossy Group,24166898488
Palliser Capital,GRACosway Pty Ltd,50 082 123 822
PAL Aerospace,CMAX Advisory,73 130 740 546
Pain Australia,Ogilvy PR Agency Pty Limited,89 096 965 794
Pact,Hawker Britton,79 109 681 405
Pacific Energy Group,PolicyWonks,50 463 070 316
Pandana Capital Pty Ltd,Staerk Government and Media,32 844 592 574
Penske Power Systems,TG Public Affairs,23630677673
Ovarian Cancer Australia Limited,GRACosway Pty Ltd,50 082 123 822
Outside School Hours Council of Australia Ltd,GRACosway Pty Ltd,50 082 123 822
Outdoor Media Association,Spring Street Advisory,92 603 411 650
Orion Health,WELLS HASLEM MAYHEW STRATEGIC PUBLIC AFFAIRS,52 159 456 685
Orica Australia Pty Ltd,Hawker Britton,79 109 681 405
Optiver Pty Ltd,DPG Advisory Solutions Pty Ltd,14 634 403 115
Phosphate Resources Limited,TG Public Affairs,23630677673
Optio Capital Pty Ltd,Social Impact (Qld),13 112 982 323
Optimise Energy Solutions Pty Ltd,Chikarovski & Associates Pty Ltd,92 715 851 492
Online Brands Group,LK Creative Pty Ltd,ACN 140  857 432
One Project Management Group,Jutsum Advisory Pty Ltd,68 973 583 422
One Park Lane Developments Pty Ltd,Jutsum Advisory Pty Ltd,68 973 583 422
Omni Bridgeway Limited,GRACosway Pty Ltd,50 082 123 822
Omega Oil and Gas Limited,SAS Group,33 136 520 548
Ohana for Youth,Jutsum Advisory Pty Ltd,68 973 583 422
Ochre Health Pty Ltd,Project Urban Pty Ltd,97 608 895 923
PACIFIC BIOTECHNOLOGIES (AUSTRALIA) PTY LTD,DPG Advisory Solutions Pty Ltd,14 634 403 115
P. & B. BULTE (NO 2) PTY. LTD,CMAX Advisory,73 130 740 546
NT Pubco Pty Ltd,MB Liquor Licensing,52 651 224 609
Novavax Inc,Nexus APAC Pty Ltd,76 615 655 699
Novartis,Ogilvy PR Agency Pty Limited,89 096 965 794
Novapharm,Next Level Strategic Services,27 613 857 668
NOVA SYSTEMS AUSTRALIA PTY LTD,CMAX Advisory,73 130 740 546
Officeworks,SEC Newgate,38162366056
Oasis Catering Pty Ltd,Commercial Licensing Specialists,33 134 318 595
Northern Queensland PHN,The Inner Circle Strategic Advisory,75634265311
North Harbour Holdings Pty Ltd,Empower Pty Ltd,33633821366
NIOA,PolicyWonks,50 463 070 316
PEXA,Iemma Patterson Premier Advisory,53 830 148 273
Nexport Pty Ltd,Anacta Strategies Pty Ltd,64 633 978 677
NORTHWEST HEALTHCARE PROPERTIES MANAGEMENT PTY LIMITED,GRACosway Pty Ltd,50 082 123 822
Northrop Grumman International,CMAX Advisory,73 130 740 546
New Gympie Gold,Next Level Strategic Services,27 613 857 668
Network Building Solutions,Cornerstone Group,9915 3936 719
Nestle Australia,Wilkinson Butler,95164204111
Nerang RSL,Promedia Public Relations,52 010 453 826
Newcastle Airport,DPG Advisory Solutions Pty Ltd,14 634 403 115
NEP Broadcast Services,Next Level Strategic Services,27 613 857 668
New Hope Group,Momentum Strategic Communication Services,66 196 172 628
Navantia,CMAX Advisory,73 130 740 546
Nufarm Australia,CMAX Advisory,73 130 740 546
National Retail Association ,TG Public Affairs,23630677673
National Automotive Leasing & Salary Packaging Association,Profile Consulting (Aust) Pty Ltd,47 166 122 434
Neoen,Next Level Strategic Services,27 613 857 668
National Association of Cinema Operators,PremierNational,71 619 450 841
National Affordable Housing Providers Ltd,Jacaranda Advisory,41 673 550 487
Northern Investment Holdings Pty Ltd,Commercial Licensing Specialists,33 134 318 595
Naeco Pty Ltd,CMAX Advisory,73 130 740 546
MyState,Advisory Street Pty Ltd,28 613 329 472
My Plan Manager,TG Public Affairs,23630677673
MY MGT Pty Ltd,Australian Strategic Advisory,51623355377
My Bella Casa,Jutsum Advisory Pty Ltd,68 973 583 422
Murweh Shire Council,Taylor Connect,39 632 234 916
Neuron Mobility (Australia) Pty Ltd,PremierNational,71 619 450 841
Murdoch University,TG Public Affairs,23630677673
Mulpha Sanctuary Cove (Developments) Pty Ltd,Staerk Government and Media,32 844 592 574
MQV Pty Ltd,Commercial Licensing Specialists,33 134 318 595
Moreton Bay Trailer Boat Club Inc,Jacaranda Advisory,41 673 550 487
MoonStake Pty Ltd,Precise Hospitality Licensing,46220117164
Moondaze Pty Ltd ,Liquor Licensing Consultants,58 679 042 968
Montezuma's Mt Gravatt Pty Ltd,Precise Hospitality Licensing,46220117164
Montezuma's Coolangatta Pty Ltd,Precise Hospitality Licensing,46220117164
Mojo's on North Pty Ltd,Jacaranda Advisory,41 673 550 487
Moggill Cafe Pty Ltd,Liquor Licensing Consultants,58 679 042 968
Moelis & Company,Statecraft Pty Ltd,90 116 598 924
National Electrical and Communications Association,Wilkinson Butler,95164204111
Moderna TX Inc,Richardson Coutts Pty Ltd,20 126 507 211
Mineral Resources LTD,TG Public Affairs,23630677673
Minderoo Foundation,SEC Newgate,38162366056
Minda Inc,The Write Connection,55 073 965 616
Middle Green Sports Club,Jacaranda Advisory,41 673 550 487
NATIONAL ROAD TRANSPORT ASSOCIATION LIMITED,Primary Communication,36617864347
MFB Properties Pty Ltd,Commercial Licensing Specialists,33 134 318 595
METS Ignited,PolicyWonks,50 463 070 316
Metro Trains Melbourne,Conlon Advisory,11 951 391 072
Metro Trains Australia,Conlon Advisory,11 951 391 072
Minter Ellison,SEC Newgate,38162366056
Meridian Energy Ltd,The Civic Group,57 157 925 365
MediaCom,Hawker Britton,79 109 681 405
McKenzie Aged Care Group ,Santoro Consulting,21 131 482 230
McCullough Robertson Lawyers,BBS Communications Group Pty Ltd,34 010 899 779
McConaghy Properties Pty Ltd,PremierNational,71 619 450 841
National Capital Private Hospital,CMAX Advisory,73 130 740 546
McCain Foods (Australia),Porter Novelli Australia Pty Ltd,40079616050
Max Solutions Pty Ltd,Profile Consulting (Aust) Pty Ltd,47 166 122 434
Menulog,Cornerstone Group,9915 3936 719
Masdar Tribe Australia Pty Ltd,PYNE AND PARTNERS,81 634 747 363
Martinus Rail Pty Ltd,Northstar Public Affairs Pty Ltd,25 638 744 046
Martin Brothers Pty Ltd,CT Group,72600464855
Mars Petcare Australia,FPL Advisory,34123819385
MARS Australia Pty Ltd,GRACosway Pty Ltd,50 082 123 822
Metallica Minerals Ltd,Next Level Strategic Services,27 613 857 668
Marquis Macadamias,Next Level Strategic Services,27 613 857 668
Mental Health Commission of NSW,Primary Communication,36617864347
Marand Precision Engineering Pty Ltd,TG Public Affairs,23630677673
MANSKI Pty Ltd,TG Public Affairs,23630677673
Manawari Pty Ltd,Precise Hospitality Licensing,46220117164
Manasvi Pty Ltd,Commercial Licensing Specialists,33 134 318 595
Myotherapy Association Australia,Unravelling Red Tape Pty Ltd,69 626 524 178
Magpies Sporting Club,DWS Hospitality Specialists,50 113 985 247
Maurice Blackburn,Anacta Strategies Pty Ltd,64 633 978 677
Manufacturing Australia,TG Public Affairs,23630677673
MARS WRIGLEY CONFECTIONERY,FPL Advisory,34123819385
Mahboba's Promise,Northstar Public Affairs Pty Ltd,25 638 744 046
MakeSport Pty Ltd,Anacta Strategies Pty Ltd,64 633 978 677
Magnetic South,PolicyWonks,50 463 070 316
Macular Disease Foundation Australia,Ogilvy PR Agency Pty Limited,89 096 965 794
Macroplan,Spring Street Advisory,92 603 411 650
Macquarie Group Limited,Govstrat Pty Ltd,64 964 952 044
M Resources,CRISIS&COMMS CO,56 637 786 899
Magnis Energy Technologies,PolicyWonks,50 463 070 316
Lung Foundation Australia,Ogilvy PR Agency Pty Limited,89 096 965 794
Luiz Henrique Oliveira,Precise Hospitality Licensing,46220117164
Ludlow Hospitality Qld Pty Ltd atf The Ludlow Family Trust,Commercial Licensing Specialists,33 134 318 595
Lynk,Hawker Britton,79 109 681 405
LP Investments PTY LTD ATF The Rains Family Trust NO2 & WMO Exchange PTY LTD ATF The WMO Exchange Trust ,Commercial Licensing Specialists,33 134 318 595
Magia Solutions Pty Ltd,Hawker Britton,79 109 681 405
MABLE TECHNOLOGIES PTY LTD,GRACosway Pty Ltd,50 082 123 822
LMS Energy,TG Public Affairs,23630677673
LMS ENERGY PTY LTD,Walsh Stevens,18084661441
Luxury Escapes,Royce Comm,91 167 042 408
Livingbridge EP LLP,GRACosway Pty Ltd,50 082 123 822
LiveNation,Anacta Strategies Pty Ltd,64 633 978 677
LITTLE BLUE DINOSAUR FOUNDATION LIMITED,Walsh Stevens,18084661441
Lion Pty Ltd,PremierNational,71 619 450 841
Lion Australia,Next Level Strategic Services,27 613 857 668
Livius Pty Ltd,Christmas Jalili,26614088881
"Lion - Beer, Spirits & Wine Pty Ltd",Anacta Strategies Pty Ltd,64 633 978 677
Link Group,Next Level Strategic Services,27 613 857 668
Mageba Australia Pty Ltd,Cornerstone Group,9915 3936 719
Linfox,Next Level Strategic Services,27 613 857 668
Lilywhite Hotel Group,DWS Hospitality Specialists,50 113 985 247
life sciences Queensland limited,BB Win Win Outcomes,91 671 079 056
LEVIN HEALTH LIMITED,Walsh Stevens,18084661441
Mad Monkey Trading Pty Ltd,Liquor Licensing Consultants,58 679 042 968
Lendlease Pty Ltd,TG Public Affairs,23630677673
Lime Bikes,Govstrat Pty Ltd,64 964 952 044
Lendlease Group Services Pty Limited,Hawker Britton,79 109 681 405
Lend Lease,Next Level Strategic Services,27 613 857 668
Leasr,DPG Advisory Solutions Pty Ltd,14 634 403 115
LC Distributors,PolicyWonks,50 463 070 316
Law In Order,Richardson Coutts Pty Ltd,20 126 507 211
Large Format Retail Association Limited,Primary Communication,36617864347
Langham Hotels International,Staerk Government and Media,32 844 592 574
Leda Holdings Pty Ltd,Staerk Government and Media,32 844 592 574
La Trobe University,TG Public Affairs,23630677673
KYNDRYL AUSTRALIA PTY LTD,Bossy Group,24166898488
LP & MJ Pty Ltd T/A Billys Backyard BBQ,Jacaranda Advisory,41 673 550 487
KPAT Mooloolaba Pty Ltd,Project Urban Pty Ltd,97 608 895 923
Lifeline Australia Ltd,Woodhill Communication Pty Ltd,62 613 694 189
Komune Pty Ltd,Commercial Licensing Specialists,33 134 318 595
Lion ,Res Publica Pty Ltd,63 103 178 258
Kokonui Group,Australian Strategic Advisory,51623355377
Logos Australia Group Pty Ltd,GRACosway Pty Ltd,50 082 123 822
KTQ Developments,SAS Group,33 136 520 548
KIMBERLY-CLARK AUSTRALIA PTY LTD,GRACosway Pty Ltd,50 082 123 822
Laing O'Rourke Australia Pty Ltd,GRACosway Pty Ltd,50 082 123 822
Keppel Prince Engineering,Spring Street Advisory,92 603 411 650
Keppel Bay Sailing Club Inc,DWS Hospitality Specialists,50 113 985 247
Kentucky Fried Chicken Pty Ltd,GRACosway Pty Ltd,50 082 123 822
Kent Institute Australia Pty Ltd,Santoro Consulting,21 131 482 230
Kmart Australia Limited,GRACosway Pty Ltd,50 082 123 822
Kedron Wavell Service Club,DWS Hospitality Specialists,50 113 985 247
Kawana Waters farmers Market Pty Ltd trading as Kawana Farmers Market,Strategic Pathways Consulting,ABN 56242935104
Kawal Avi Pty Ltd,Precise Hospitality Licensing,46220117164
Kaufland,Spring Street Advisory,92 603 411 650
Katsunori Hasegawa,Commercial Licensing Specialists,33 134 318 595
Katie Rose Cottage Hospice Ltd,Strategic Pathways Consulting,ABN 56242935104
Karmo Pty Ltd,Govstrat Pty Ltd,64 964 952 044
KUMANO ATF K.KUMANO TRUST,Precise Hospitality Licensing,46220117164
Kalex Group Pty Ltd ,Commercial Licensing Specialists,33 134 318 595
K&L Gates,TG Public Affairs,23630677673
Justin Lane Pty Ltd,Commercial Licensing Specialists,33 134 318 595
Kevin Rayner T/A Earth Espresso Bar,Jacaranda Advisory,41 673 550 487
JT Academy,PolicyWonks,50 463 070 316
Jondoral Pty Ltd,Commercial Licensing Specialists,33 134 318 595
Johnson & Johnson Medical Pty Ltd,Ogilvy PR Agency Pty Limited,89 096 965 794
Knauf Insulation,Hawker Britton,79 109 681 405
JIGSAW GROUP (AUS) LIMITED,Walsh Stevens,18084661441
Kingspan Water & Energy Pty Limited,Woodhill Communication Pty Ltd,62 613 694 189
JAR Aerospace,Strategic Political Counsel,24613884763
Junior Adventures Group Pty Ltd,GRACosway Pty Ltd,50 082 123 822
Judo Bank,PolicyWonks,50 463 070 316
James Donald Permezel and Michael Charles Grimshaw,Liquor Licensing Consultants,58 679 042 968
Jacqualine B's Cafe Pty Ltd,Precise Hospitality Licensing,46220117164
Ixom Operations Pty Ltd,SAS Group,33 136 520 548
John Laing,Spring Street Advisory,92 603 411 650
ITV,Next Level Strategic Services,27 613 857 668
ISS Facilities Services Australia Limited ,GRACosway Pty Ltd,50 082 123 822
JCK Corporation Pty Ltd,Commercial Licensing Specialists,33 134 318 595
Isis Central Sugar Milling Company,PolicyWonks,50 463 070 316
Janssen Australia and New Zealand,Ogilvy PR Agency Pty Limited,89 096 965 794
IRESS LIMITED,Ogilvy PR Agency Pty Limited,89 096 965 794
Ipswich Jets Rugby League Football Club,DWS Hospitality Specialists,50 113 985 247
Ipsen Pty Ltd,Ogilvy PR Agency Pty Limited,89 096 965 794
Iplex Pipelines Australia Pty Limited,GRACosway Pty Ltd,50 082 123 822
IOOF Holdings Limited,TG Public Affairs,23630677673
Israel Aerospace Industries Ltd,CMAX Advisory,73 130 740 546
InvoCare Australia,Alistair Nicholas Consulting Pty Ltd,81 655 939 852
Isaac Regional Council,Jacaranda Advisory,41 673 550 487
Janjade Pty Ltd ATF Jabja Trust,Jacaranda Advisory,41 673 550 487
IntoWork,BB Win Win Outcomes,91 671 079 056
INTERNATIONAL SOS (AUSTRALASIA) PTY. LTD.,CMAX Advisory,73 130 740 546
International Power (Australia) Pty Ltd,TG Public Affairs,23630677673
Intergen (Australia),The Write Connection,55 073 965 616
Integrous Consulting Pty Ltd,Jutsum Advisory Pty Ltd,68 973 583 422
Institute of Urban Indigenous Health,Anacta Strategies Pty Ltd,64 633 978 677
investLogan,BBS Communications Group Pty Ltd,34 010 899 779
Ipswich RSL,Zealifi,66 129 799 408
Ingham Property,Iemma Patterson Premier Advisory,53 830 148 273
Ingenia Communities Holdings Ltd,BBS Communications Group Pty Ltd,34 010 899 779
Infrastructure Finance Australia Pty Ltd,TG Public Affairs,23630677673
Indra Australia,CMAX Advisory,73 130 740 546
integratedliving Australia Ltd (ABN 95130 530 844),Australian Public Affairs,20 098 705 403
Inderjit Pal Singh Jaiswal,Commercial Licensing Specialists,33 134 318 595
INDEPENDENT FOOTBALL AUSTRALIA LIMITED,Walsh Stevens,18084661441
Ipswich City Council,Hawker Britton,79 109 681 405
In Roma Pty Ltd,Commercial Licensing Specialists,33 134 318 595
Intercare Training,Counsel House Pty Ltd,35 631 919 009
In Queensland Media,Hawker Britton,79 109 681 405
Imperium Tourism Holdings Pty Ltd,Anacta Strategies Pty Ltd,64 633 978 677
Iluka Resources Limited,TG Public Affairs,23630677673
Ignition Advice,DPG Advisory Solutions Pty Ltd,14 634 403 115
IFM Investors Pty Ltd,TG Public Affairs,23630677673
Infoxchange,Spring Street Advisory,92 603 411 650
iEDM,Jutsum Advisory Pty Ltd,68 973 583 422
Indigo Group,Next Level Strategic Services,27 613 857 668
Iedm,Staerk Government and Media,32 844 592 574
Identity Systems Australia,Christmas Jalili,26614088881
Idemitsu Australia Pty Ltd,CRISIS&COMMS CO,56 637 786 899
ICS Service Solutions,Hawker Britton,79 109 681 405
Iconport Pty Ltd ,Commercial Licensing Specialists,33 134 318 595
Icon,Jutsum Advisory Pty Ltd,68 973 583 422
Ichiba Retail Pty Ltd,Liquor Licensing Consultants,58 679 042 968
Impossible Foods,TG Public Affairs,23630677673
HYPETAP PTY LTD,Sling and Stone,87 145 965 466
Hydrogen Mobility  Australia Ltd,Primary Communication,36617864347
HVP Plantations,Porter Novelli Australia Pty Ltd,40079616050
Hutchison Ports Australia,Barton Deakin,65 140 067 287
Huntsman Property Pty Ltd,Anacta Strategies Pty Ltd,64 633 978 677
Hunter Institute of Mental Health,Primary Communication,36617864347
Humanetix Pty Limited (ABN 58 147 390 056),Australian Public Affairs,20 098 705 403
Huhtamaki Oyj,GRACosway Pty Ltd,50 082 123 822
HUBSPOT AUSTRALIA PTY LTD,Sling and Stone,87 145 965 466
HRC ANZ Hodings Pty Ltd,Liquor Licensing Consultants,58 679 042 968
HPPL,CRISIS&COMMS CO,56 637 786 899
iFarm,TG Public Affairs,23630677673
Horn Watson,PolicyWonks,50 463 070 316
Hyundai Rotem Company,Anacta Strategies Pty Ltd,64 633 978 677
Homes for Homes Limited,Antinomies Advisory Ptd Ltd,35 441 514 971
Hologic (Australia),CMAX Advisory,73 130 740 546
Inghams,Preferment Associates,30432308596
Holmwood Highgate,BB Win Win Outcomes,91 671 079 056
Holey Moley Australia Pty Ltd,Liquor Licensing Consultants,58 679 042 968
HM Developments Qld Pty Ltd,Project Urban Pty Ltd,97 608 895 923
Hillcrest Christian College,Staerk Government and Media,32 844 592 574
Hertz,SEC Newgate,38162366056
Heritage Minerals,PolicyWonks,50 463 070 316
Independent Higher Education Australia,TG Public Affairs,23630677673
HELMONT ENERGY PTY LTD,Walsh Stevens,18084661441
Horton Park Golf Club Maroochydore Inc,DWS Hospitality Specialists,50 113 985 247
Helensvale Property Development Pty Ltd,Spring Street Advisory,92 603 411 650
Helensvale Bowls Club Ltd ,Commercial Licensing Specialists,33 134 318 595
HRS Group,Richardson Coutts Pty Ltd,20 126 507 211
Heart of Australia,Kurrajong Strategic Counsel,14 625 954 912
Hensoldt Australia,Pynfall Pty Ltd,39 008 566 943
Heart Foundation,SEC Newgate,38162366056
Healthy Bones Australia,Nexus APAC Pty Ltd,76 615 655 699
Honeycombes Property Group,Next Level Strategic Services,27 613 857 668
Healthcare Logic Pty Ltd,Santoro Consulting,21 131 482 230
HDI-BB Pty Ltd,Rowland Pty Ltd,59 011 033 364
HCL,The PR Counsel Pty Ltd,27611490325
HCF,Ogilvy PR Agency Pty Limited,89 096 965 794
Holding Redlich,Hawker Britton,79 109 681 405
Healthscope,Promedia Public Relations,52 010 453 826
Healthscope Operations Pty Ltd,GRACosway Pty Ltd,50 082 123 822
Helbiz,Michelson Alexander Pty Ltd,50 660 359 866
Hancock Prospecting Pty Ltd,PolicyWonks,50 463 070 316
Halcyon,Project Urban Pty Ltd,97 608 895 923
Helitak Fire Fighting Equipment Pty Ltd,Strategic Pathways Consulting,ABN 56242935104
Haemophilia Foundation Australia,Ogilvy PR Agency Pty Limited,89 096 965 794
Habitat Development Group,Next Level Strategic Services,27 613 857 668
HBPharmacy,BB Win Win Outcomes,91 671 079 056
Gundwane P/L atf the BFG Trust ,Commercial Licensing Specialists,33 134 318 595
GUN CONTROL AUSTRALIA LTD,Walsh Stevens,18084661441
Hanwha Energy Australia,Spring Street Advisory,92 603 411 650
Group of 100 Incorporated,Profile Consulting (Aust) Pty Ltd,47 166 122 434
Hardwork Pty Ltd,Commercial Licensing Specialists,33 134 318 595
Grosvenor Holdings (QLD) Pty Ltd ,Commercial Licensing Specialists,33 134 318 595
Grocon Pty Ltd,Profile Consulting (Aust) Pty Ltd,47 166 122 434
Grill'd Pty Ltd,Liquor Licensing Consultants,58 679 042 968
HANCOCK COAL PTY LTD,Forrester Consulting,48 697 260 710
Griffith University,Nexus APAC Pty Ltd,76 615 655 699
GreyScan Pty Ltd,TG Public Affairs,23630677673
Hanson Pty Ltd,Rowland Pty Ltd,59 011 033 364
Greg Clark,Project Urban Pty Ltd,97 608 895 923
Greenvale Mining,Staerk Government and Media,32 844 592 574
GreenCollar,Social Impact (Qld),13 112 982 323
Hanseath Pty Ltd,Project Urban Pty Ltd,97 608 895 923
Green Chilies Pty Ltd,Liquor Licensing Consultants,58 679 042 968
H&R Block,Nexus APAC Pty Ltd,76 615 655 699
Granville Hotel (Qld) Pty Ltd,Liquor Licensing Consultants,58 679 042 968
Gulf Coast Group,SAS Group,33 136 520 548
Grifols Australia,Statecraft Pty Ltd,90 116 598 924
Group of 100  inc.,Woodhill Communication Pty Ltd,62 613 694 189
GrainCorp,Taylor Connect,39 632 234 916
GR & R Martin Enterprises Pty Ltd,Commercial Licensing Specialists,33 134 318 595
Greenbank RSL,DWS Hospitality Specialists,50 113 985 247
Google Australia,TG Public Affairs,23630677673
Goodstart Early Learning,TG Public Affairs,23630677673
Good Shepherd AUNZ,Michelson Alexander Pty Ltd,50 660 359 866
Gondwana Testing Technology Circuits Queensland,Anacta Strategies Pty Ltd,64 633 978 677
Golf Queensland,Next Level Strategic Services,27 613 857 668
Golf Australia,Next Level Strategic Services,27 613 857 668
Golding Contractors Pty Ltd,Cannings Purple,37 108 802 366
Goldfields,PolicyWonks,50 463 070 316
Goals A+N,Richardson Coutts Pty Ltd,20 126 507 211
Granite Belt Water Limited,Anacta Strategies Pty Ltd,64 633 978 677
Greenex Pty Ltd,Cornerstone Group,9915 3936 719
Go1,Hawker Britton,79 109 681 405
Glencore Holdings Australia Pty Ltd,Nexus APAC Pty Ltd,76 615 655 699
GJMY Pty Ltd,Liquor Licensing Consultants,58 679 042 968
GJ & PM Investments Pty Ltd,Commercial Licensing Specialists,33 134 318 595
Ginger N Garlic Curry House Pty Ltd,Precise Hospitality Licensing,46220117164
Gillz Food Pty Ltd,Precise Hospitality Licensing,46220117164
Gilead Sciences,Ogilvy PR Agency Pty Limited,89 096 965 794
Graymont,Hawker Britton,79 109 681 405
gess education,BB Win Win Outcomes,91 671 079 056
Geotourism Forum of Ecotourism Australia,Leisure Solutions,61 982 432 138
Geon Property,BBS Communications Group Pty Ltd,34 010 899 779
GenesisCare,Nexus APAC Pty Ltd,76 615 655 699
General Mills Australia New Zealand,Porter Novelli Australia Pty Ltd,40079616050
Goa Billboards,Govstrat Pty Ltd,64 964 952 044
Genamson Pty Ltd,Narration,29010732368
GemLife,Staerk Government and Media,32 844 592 574
GCHKP Pty Ltd,Jutsum Advisory Pty Ltd,68 973 583 422
Gravitytech Group,Anacta Strategies Pty Ltd,64 633 978 677
GCB Constructions Pty Ltd,BBS Communications Group Pty Ltd,34 010 899 779
Gasparin Group Pty Ltd,GR Solutions,28 125 233 543
Gas Industry Alliance,Primary Communication,36617864347
Gas Energy Australia,Next Level Strategic Services,27 613 857 668
Gary Smithers ,Commercial Licensing Specialists,33 134 318 595
Gardian Technologies,Northstar Public Affairs Pty Ltd,25 638 744 046
"Gansons Pty Ltd, Ganboys Pty Ltd and Ganbros Pty Ltd",Social Impact (Qld),13 112 982 323
Gameloft,CRISIS&COMMS CO,56 637 786 899
Goomeri Motel,Jacaranda Advisory,41 673 550 487
GAMA Healthcare,Nexus APAC Pty Ltd,76 615 655 699
Gailes Golf Club,Anacta Strategies Pty Ltd,64 633 978 677
G.A.A Pty Ltd atf The G.A.A Asset Trust,Commercial Licensing Specialists,33 134 318 595
Gilmour Space,CRISIS&COMMS CO,56 637 786 899
Fuller Sports Club Edmonton,Jacaranda Advisory,41 673 550 487
Fujitsu Queensland,Hawker Britton,79 109 681 405
FRV Services Australia Pty Ltd,GRACosway Pty Ltd,50 082 123 822
Frederick Dodd Kitson Ericsen-Miller,Commercial Licensing Specialists,33 134 318 595
Fortress Procurement,Jutsum Advisory Pty Ltd,68 973 583 422
Fortitude Amateur Boxing Club Inc.,Hawker Britton,79 109 681 405
Fortescue Metals Group,Spring Street Advisory,92 603 411 650
FZZ Pty Ltd ATF The Crust Pizza B H Unit Trust ,Commercial Licensing Specialists,33 134 318 595
Future Battery Industries Cooperative Research Centre,Cannings Purple,37 108 802 366
ForHealth Group (ABN 33 002 968 185),Australian Public Affairs,20 098 705 403
Football Queensland,Anacta Strategies Pty Ltd,64 633 978 677
foodtuber Pty Ltd,Liquor Licensing Consultants,58 679 042 968
FOGS Queensland,Social Impact (Qld),13 112 982 323
FNB Winston Press Pty Ltd,Precise Hospitality Licensing,46220117164
FNB SCS Collective Pty Ltd,Precise Hospitality Licensing,46220117164
FMC Australasia Pty Ltd,TG Public Affairs,23630677673
Flow Power,Spring Street Advisory,92 603 411 650
Flinders Port Holdings,TG Public Affairs,23630677673
Fletcher Building (Australia) Pty Ltd,GRACosway Pty Ltd,50 082 123 822
FIPRA,Richardson Coutts Pty Ltd,20 126 507 211
Genex Power Limited,PremierNational,71 619 450 841
FightMND,GRACosway Pty Ltd,50 082 123 822
Feros Care,Promedia Public Relations,52 010 453 826
Federal Chamber of Automotive Industries,TG Public Affairs,23630677673
Fay & Qing Pty Ltd,Precise Hospitality Licensing,46220117164
Far East Consortium,Govstrat Pty Ltd,64 964 952 044
FIPRA International UK,FIPRA Australia,50 078 482 596
Fairview Architectural,WELLS HASLEM MAYHEW STRATEGIC PUBLIC AFFAIRS,52 159 456 685
Expedia Inc,Barton Deakin,65 140 067 287
Farmers for Climate Action Limited,PremierNational,71 619 450 841
exci pty ltd previously Fireball International,Strategic Pathways Consulting,ABN 56242935104
General Atlantic Singapore Fund Pte. Ltd,GRACosway Pty Ltd,50 082 123 822
Facebook,DPG Advisory Solutions Pty Ltd,14 634 403 115
ETSA Utilities,The Write Connection,55 073 965 616
Essen Pty Ltd,Precise Hospitality Licensing,46220117164
Exact Contracting Pty Ltd,TG Public Affairs,23630677673
Era Pastoral Pty Ltd,Jacaranda Advisory,41 673 550 487
ER Community 24,Jutsum Advisory Pty Ltd,68 973 583 422
EQT PARTNERS AUSTRALIA PTY LTD,GRACosway Pty Ltd,50 082 123 822
EPTEC MARINE PTY LTD,PYNE AND PARTNERS,81 634 747 363
Environmental Leadership Australia Ltd,PremierNational,71 619 450 841
Environmental Defense Fund,Hawker Britton,79 109 681 405
EnviroGold Global,PolicyWonks,50 463 070 316
Event Enterprises Limited,Precise Hospitality Licensing,46220117164
Enterprise Corporation Pty Ltd,PYNE AND PARTNERS,81 634 747 363
Enphase Energy,Spring Street Advisory,92 603 411 650
Engineers Australia,MCM Strategic Communications Pty Ltd,63272133108
Fortescue Future Industries,Spring Street Advisory,92 603 411 650
Engineered Investments (NSW) Pty Ltd,Liquor Licensing Consultants,58 679 042 968
Engie,Spring Street Advisory,92 603 411 650
Enzo's Cucina Surfers Paradise Pty Ltd,Liquor Licensing Consultants,58 679 042 968
ENGIE in Australia,TG Public Affairs,23630677673
Energy Developments Limited,Govstrat Pty Ltd,64 964 952 044
Fortem Australia,CMAX Advisory,73 130 740 546
Endeavour Foundation,Nexus APAC Pty Ltd,76 615 655 699
Enberg Pty Ltd and Brenderwin Corporation Pty Ltd,Commercial Licensing Specialists,33 134 318 595
Employsure,SEC Newgate,38162366056
EML Payments,SAS Group,33 136 520 548
EMANUEL EXPORTS PTY LIMITED,Bossy Group,24166898488
Fluent Property Pty Ltd,Anacta Strategies Pty Ltd,64 633 978 677
Elliott Green Power,PremierNational,71 619 450 841
Elgas,Primary Communication,36617864347
Engie Services,Spring Street Advisory,92 603 411 650
Eleven Dive Bar Pty Ltd,MB Liquor Licensing,52 651 224 609
Elenium Automation,Royce Comm,91 167 042 408
Ener-G Management Group,PolicyWonks,50 463 070 316
Evie Networks,John Short,62880904917
Elanor Investors,Hawker Britton,79 109 681 405
EDWARDS LIFESCIENCES PTY LIMITED,GRACosway Pty Ltd,50 082 123 822
Education Testing Service,Primary Communication,36617864347
EDF Renewables Australia,Taylor Connect,39 632 234 916
eBay International AG,Willard Public Affairs Pty Ltd,17 165 851 856
Eaton Industries,Primary Communication,36617864347
Eastern Domestic Violence Service Inc. (EDVOS),Willard Public Affairs Pty Ltd,17 165 851 856
East West Line Parks ,Marketplace Communications,23 011 007 293
DrinkWise Australia Ltd,GRACosway Pty Ltd,50 082 123 822
Dreamtint Pty Ltd,Commercial Licensing Specialists,33 134 318 595
ENTAIN,Govstrat Pty Ltd,64 964 952 044
Ellume,Condren Media Pty Ltd,47 166 472 813
Domino's Pizza Enterprises  Limited,SEC Newgate,38162366056
DRA Global,Cannings Purple,37 108 802 366
DJI Technology Australia Pty Ltd,TG Public Affairs,23630677673
DoorDash Inc,Profile Consulting (Aust) Pty Ltd,47 166 122 434
Electro Optic Systems Pty Ltd,CMAX Advisory,73 130 740 546
DJB Global Pty Ltd,Liquor Licensing Consultants,58 679 042 968
Distcliff Pty Ltd,Liquor Licensing Consultants,58 679 042 968
Direct Fright Express Pty Ltd ,Cornerstone Group,9915 3936 719
Dimension Data,Statecraft Pty Ltd,90 116 598 924
eleXsys Energy Pty Ltd,SAS Group,33 136 520 548
DJGolf Pty Ltd,Precise Hospitality Licensing,46220117164
Diggers Services Club,Jacaranda Advisory,41 673 550 487
Dietitians Australia,Mission Consulting Solutions,32660516974
Diatreme Resources,Anacta Strategies Pty Ltd,64 633 978 677
Diageo Australia,SEC Newgate,38162366056
DHL Supply Chain Pty Ltd,Willard Public Affairs Pty Ltd,17 165 851 856
DGT Employment Training,BB Win Win Outcomes,91 671 079 056
DGL Group,Hawker Britton,79 109 681 405
DPL Medical Pty Limited,Cornerstone Group,9915 3936 719
Dexus Holdings Pty Ltd,SEC Newgate,38162366056
Devine Property Group Pty Ltd,Anacta Strategies Pty Ltd,64 633 978 677
Designer Life,BB Win Win Outcomes,91 671 079 056
Dennis Family Corporation,Hawker Britton,79 109 681 405
DocuSign,Diplomacy,17148998645
Demographia Australia Inc,GR Solutions,28 125 233 543
Dell Technologies,Cornerstone Group,9915 3936 719
Downer Group,Anacta Strategies Pty Ltd,64 633 978 677
DIMENSION DATA AUSTRALIA PTY LIMITED,Sling and Stone,87 145 965 466
Delaware North,MCM Strategic Communications Pty Ltd,63272133108
Defence Bank,Daniel McDougall,22 535 615 464
DEPUTECHNOLOGIES PTY LTD,Sling and Stone,87 145 965 466
Davidson,Anacta Strategies Pty Ltd,64 633 978 677
Dataminr Australia Pty Ltd,Christmas Jalili,26614088881
DASSAULT SYSTEMES AUSTRALIA PTY LTD,CMAX Advisory,73 130 740 546
Dangi Pub Pty Ltd,Precise Hospitality Licensing,46220117164
D.A. Hall & Co,PolicyWonks,50 463 070 316
Dell Australia Pty Ltd,Cornerstone Group,9915 3936 719
D&L Events,PolicyWonks,50 463 070 316
Cystic Fibrosis Qld Pty Ltd,BBS Communications Group Pty Ltd,34 010 899 779
Cypressa Pty Ltd ,Commercial Licensing Specialists,33 134 318 595
Cubic Transportation Systems,Hawker Britton,79 109 681 405
CSL Behring LLC,TG Public Affairs,23630677673
CSI-Southport,Zealifi,66 129 799 408
CROWLEY AUSTRALIA PTY LTD,CMAX Advisory,73 130 740 546
CropLife Australia,TG Public Affairs,23630677673
Cracknell and Lonergan Architects Pty Ltd,Cornerstone Group,9915 3936 719
Dexus Funds Management Limited,Anacta Strategies Pty Ltd,64 633 978 677
Cowboys Leagues Club,Jacaranda Advisory,41 673 550 487
Coviu,TG Public Affairs,23630677673
Court Network Inc.,Anacta Strategies Pty Ltd,64 633 978 677
Costa Group,Next Level Strategic Services,27 613 857 668
Cornerstone Properties,Next Level Strategic Services,27 613 857 668
Dalby Asian Food Pty Ltd,Precise Hospitality Licensing,46220117164
D&W Republic Pty Ltd,Precise Hospitality Licensing,46220117164
Deliveroo Australia Pty Ltd,The PR Counsel Pty Ltd,27611490325
Coolgaree Bay Sports & Bistro Pty Ltd,Commercial Licensing Specialists,33 134 318 595
Council of International Students Australia,Primary Communication,36617864347
Coogee Chemicals Pty Ltd,Riley Mathewson Public Relations,97 081 134 698
Consumer Household Equipment Rental Providers Association Inc.,Cornerstone Group,9915 3936 719
CoreLogic RP Data,Statecraft Pty Ltd,90 116 598 924
Community Management Solutions,Hawker Britton,79 109 681 405
CopperString 2.0,DPG Advisory Solutions Pty Ltd,14 634 403 115
COMMONWEALTH SCIENTIFIC AND INDUSTRIAL RESEARCH ORGANISATION,Sling and Stone,87 145 965 466
Commitee for Southport,Staerk Government and Media,32 844 592 574
ComLink,Daniel McDougall,22 535 615 464
Coles Supermarket ,DPG Advisory Solutions Pty Ltd,14 634 403 115
Cochlear Limited,TG Public Affairs,23630677673
Clubs Queensland,Social Impact (Qld),13 112 982 323
Coolangatta Football Club,Jacaranda Advisory,41 673 550 487
Clothing the Gaps,Hawker Britton,79 109 681 405
Coronado Global Resources,Next Level Strategic Services,27 613 857 668
Clontarf Foundation,SEC Newgate,38162366056
Climate Council of Australia,PremierNational,71 619 450 841
Consolidated Tin Mines Ltd,The Premier Communications Group,7313 750 8555
Coca-Cola South Pacific,TG Public Affairs,23630677673
Clean Energy Investor Group,Spring Street Advisory,92 603 411 650
Clarence Property Group,Promedia Public Relations,52 010 453 826
Claire Mammino ,Commercial Licensing Specialists,33 134 318 595
City Golf Club Inc,DWS Hospitality Specialists,50 113 985 247
Consolidated Properties,Next Level Strategic Services,27 613 857 668
Citrix Systems Asia Pacific Pty Ltd,Hawker Britton,79 109 681 405
Communify,BB Win Win Outcomes,91 671 079 056
Chris O'Brien Lifehouse,CMAX Advisory,73 130 740 546
Clayton Enterprises Pty Ltd,Commercial Licensing Specialists,33 134 318 595
Cherrabah Homestead Resort ,Marketplace Communications,23 011 007 293
Charter Hall,Rowland Pty Ltd,59 011 033 364
Challenger Limited,DPG Advisory Solutions Pty Ltd,14 634 403 115
CEREBRAL PALSY ALLIANCE,Hawker Britton,79 109 681 405
Centuria Health,Social Impact (Qld),13 112 982 323
Cipla Australia,Kurrajong Strategic Counsel,14 625 954 912
Cleveland Bowls Club,Jacaranda Advisory,41 673 550 487
Centenary Memorial Gardens,PolicyWonks,50 463 070 316
ChildAware,Royce Comm,91 167 042 408
CBD Settlers Cove Pty Ltd,Project Urban Pty Ltd,97 608 895 923
Catholic Education,DPG Advisory Solutions Pty Ltd,14 634 403 115
Catalyst Health REIT,TG Public Affairs,23630677673
Castlerock,Hawker Britton,79 109 681 405
CENTREX LIMITED,Hawker Britton,79 109 681 405
Carter Mills Hotels Pty Ltd ,Commercial Licensing Specialists,33 134 318 595
Cedar Woods Properties Ltd,Promedia Public Relations,52 010 453 826
Carpentaria Buffalo Club Mount Isa Inc,Zealifi,66 129 799 408
Cave 88 Barbers Pty Ltd,Precise Hospitality Licensing,46220117164
Carina Leagues Club Ltd,DWS Hospitality Specialists,50 113 985 247
Catholic Archdiocese of Brisbane,Charitably Speaking,44 187 225 269
Caravan Trade and Industries Association of Queensland,PolicyWonks,50 463 070 316
Caravan Industry Association of Australia,Royce Comm,91 167 042 408
Caption It Pty Ltd,Cornerstone Group,9915 3936 719
Capricorn Shipping Pty Ltd,GR Solutions,28 125 233 543
Carteck Pty Ltd,Jacaranda Advisory,41 673 550 487
Capalaba Lawn Bowls Club Inc,Zealifi,66 129 799 408
Carnival Australia,SEC Newgate,38162366056
Camp Australia Proprietary Limited,GRACosway Pty Ltd,50 082 123 822
Career FAQs Pty Ltd,Primary Communication,36617864347
Callaghan Road Pty Ltd,Anacta Strategies Pty Ltd,64 633 978 677
Caesars Entertainment LTD,Davies Public Affairs Pty Ltd,621730890
Caboolture Sports Club Inc,Jacaranda Advisory,41 673 550 487
C2C Properties Pty  Ltd,Liquor Licensing Consultants,58 679 042 968
Bustech Pty Ltd,GC Advisory,60 628 010 855
Campervan and Motorhome Club of Australia,Tony Charters and Associates,73 072 601 560
Bunnings,SEC Newgate,38162366056
Bunnings Group Limited,GRACosway Pty Ltd,50 082 123 822
Caloundra Central Pty Ltd,Project Urban Pty Ltd,97 608 895 923
Building Designers Association  of Victoria,FPL Advisory,34123819385
BRP,PolicyWonks,50 463 070 316
Brothers Leagues Club Ipswich,Zealifi,66 129 799 408
Brookfield Properties,Rowland Pty Ltd,59 011 033 364
Clemenger BBDO,GRACosway Pty Ltd,50 082 123 822
Brookfield Capital (Australia) Pty Ltd,GRACosway Pty Ltd,50 082 123 822
British American Tobacco Australia Pty Ltd,Strategic Political Counsel,24613884763
Brisbane South PHN,The Inner Circle Strategic Advisory,75634265311
Brisbane Racing Club,Jacaranda Advisory,41 673 550 487
Brisbane Marine Pilots Pty Ltd.,Hawker Britton,79 109 681 405
Brisbane Bombers,PolicyWonks,50 463 070 316
Brisbane Airport Corporation,TG Public Affairs,23630677673
Brooks Australia,Next Level Strategic Services,27 613 857 668
Brickworks Limited,SEC Newgate,38162366056
Bricklet Ltd,Santoro Consulting,21 131 482 230
Burleigh Pavilion Pty Ltd,Staerk Government and Media,32 844 592 574
Bribie Island Beach Bar and Cafe,Jacaranda Advisory,41 673 550 487
Caltex Australia Petroleum Pty Ltd,Willard Public Affairs Pty Ltd,17 165 851 856
Boyuan Holdings Limited (BHL),The Premier Communications Group,7313 750 8555
Bowen Coking Coal,Next Level Strategic Services,27 613 857 668
Brighte,Momentum Strategic Communication Services,66 196 172 628
Boss Capital Holdings,Social Impact (Qld),13 112 982 323
BOND University,Promedia Public Relations,52 010 453 826
Bombardier Recreational Products ,Spring Street Advisory,92 603 411 650
Bricklane Brewing Pty Ltd,Liquor Licensing Consultants,58 679 042 968
BOC Ltd,Primary Communication,36617864347
BMT,Lunik,83615178571
BMI Group,Next Level Strategic Services,27 613 857 668
BM Nominees Pty Ltd,Commercial Licensing Specialists,33 134 318 595
Blue Stamp Company,BB Win Win Outcomes,91 671 079 056
Bridgeman,Richardson Coutts Pty Ltd,20 126 507 211
Blanke Ark CQ Pty Ltd,MB Liquor Licensing,52 651 224 609
Blackdown Accommodation Services Pty Ltd,Liquor Licensing Consultants,58 679 042 968
BlackBerry,TG Public Affairs,23630677673
Bravehearts Inc. ,Cornerstone Group,9915 3936 719
Bishopp Outdoor Advertising Pty Ltd,Govstrat Pty Ltd,64 964 952 044
Bird Rides Australia Pty Ltd,Christmas Jalili,26614088881
BioMarin Pharmaceutical Australia,Ogilvy PR Agency Pty Limited,89 096 965 794
Biointelect Pty Ltd,Nexus APAC Pty Ltd,76 615 655 699
BIOGENE PTY LTD,Walsh Stevens,18084661441
Biogen Australia Pty Ltd,GRACosway Pty Ltd,50 082 123 822
BioCina,Nexus APAC Pty Ltd,76 615 655 699
Biocelect Pty Ltd,Nexus APAC Pty Ltd,76 615 655 699
BIGCOMMERCE PTY LTD,Sling and Stone,87 145 965 466
Big Issue in Australia Limited,Antinomies Advisory Ptd Ltd,35 441 514 971
Beyond Zero Emissions,DPG Advisory Solutions Pty Ltd,14 634 403 115
BOHEMIA INTERACTIVE AUSTRALIA PTY LTD,CMAX Advisory,73 130 740 546
Beyond Zero Emissions Inc,PremierNational,71 619 450 841
Black Flag Brewery Pty Ltd,MB Liquor Licensing,52 651 224 609
bet365,MCM Strategic Communications Pty Ltd,63272133108
bet365 Group Limited,MCM Strategic Communications Pty Ltd,63272133108
Bengal Energy,SAS Group,33 136 520 548
Booking.com,FTI Consulting,49 160 397 811
Bellberry Limited,TG Public Affairs,23630677673
Bell Shakespeare,Ogilvy PR Agency Pty Limited,89 096 965 794
BEHAVIOURAL INSIGHTS (AUSTRALIA) PTY LTD,Sling and Stone,87 145 965 466
Beerwah Homemaker Centre,Project Urban Pty Ltd,97 608 895 923
Bistro @ Kurrawa Pty Ltd ,Commercial Licensing Specialists,33 134 318 595
Beenleigh Sports & Community Club Inc,Jacaranda Advisory,41 673 550 487
Beau N Arrow Pty Ltd T/A Pomona Distilling Co,Jacaranda Advisory,41 673 550 487
Beam Suntory Australia,Richardson Coutts Pty Ltd,20 126 507 211
Blue Fin Fishing Club ,Jacaranda Advisory,41 673 550 487
Be Defib Aware Indigenous Corporation,Hawker Britton,79 109 681 405
Bayman Coast Touring Australia Pty Ltd,Jacaranda Advisory,41 673 550 487
BATCHFIRE RESOURCES,Govstrat Pty Ltd,64 964 952 044
Beef Australia,Taylor Connect,39 632 234 916
Balanz,BB Win Win Outcomes,91 671 079 056
Baker Hughes,PolicyWonks,50 463 070 316
Beam Mobility Australia Pty Ltd,GRACosway Pty Ltd,50 082 123 822
Beachmere Area Network Group Inc,Precise Hospitality Licensing,46220117164
BAI Communications,GRACosway Pty Ltd,50 082 123 822
Baby Bunting,Antinomies Advisory Ptd Ltd,35 441 514 971
B. Braun Avitum Australia Pty Ltd,Strategic Political Counsel,24613884763
B & T Corrigan Investments Pty Ltd T/A The Great British Fryer North Lakes,Jacaranda Advisory,41 673 550 487
Axis Minerals Pty Ltd,Jutsum Advisory Pty Ltd,68 973 583 422
Axent Holdings Pty Ltd,Government and Corporate Advisory Network,14 641 055 272
Baidam Solutions Pty Ltd,Capital Integrity,99 649 180 898
Axelom Capital Group,BB Win Win Outcomes,91 671 079 056
BAI Communications Australia,GRACosway Pty Ltd,50 082 123 822
AVID Property Group,BBS Communications Group Pty Ltd,34 010 899 779
Avanti Healthy Living,BBS Communications Group Pty Ltd,34 010 899 779
Beulah International,TG Public Affairs,23630677673
AV Jennings,Next Level Strategic Services,27 613 857 668
AUTODESK AUSTRALIA PTY. LTD.,Sling and Stone,87 145 965 466
Austrata Finance Pty Ltd,PremierNational,71 619 450 841
Australian Tourism Industry Council,Royce Comm,91 167 042 408
Australian Sugar Milling Council,PolicyWonks,50 463 070 316
Australian Solar Group Limited,Jeanes Holland  & Associates,41 059 328 853
Australian Solar Energy Society,PremierNational,71 619 450 841
Australian Society of Ophthalmologists (ASO),Australian Society Of Ophthalmologists (formerly Vanguard Consulting & Services),29454001424
Australian Retailers Association,TG Public Affairs,23630677673
AUSTRALIAN PROPERTY INSTITUTE LIMITED,Forrester Consulting,48 697 260 710
Avant Mutual Group Limited,GRACosway Pty Ltd,50 082 123 822
Australian Owned Contractors Ltd,GRA Partners Pty Limited,56 131 702 755
Australian Natural Therapists Association,Unravelling Red Tape Pty Ltd,69 626 524 178
Australian National University,DPG Advisory Solutions Pty Ltd,14 634 403 115
Australian Lottery and Newsagents Association,Empower Pty Ltd,33633821366
Australian Live Music Business Association (ALMBC),Morph Consulting Services,36137964446
Australian Institute of Building Surveyors,Cornerstone Group,9915 3936 719
Australian Geoscience Council,Leisure Solutions,61 982 432 138
Australian Gas Infrastructure Group,Michelson Alexander Pty Ltd,50 660 359 866
Australian Future Energy,Cannings Purple,37 108 802 366
Bain & Company,GRACosway Pty Ltd,50 082 123 822
Australian Fresh Produce Alliance,Next Level Strategic Services,27 613 857 668
Australian Institute of Landscape Architects Ltd,Santoro Consulting,21 131 482 230
Australian Fishing Trade Association (AFTA),Outcomes & Strategies Group,20 018 352 673
Australian Finance Group,DPG Advisory Solutions Pty Ltd,14 634 403 115
Australian Federation of Travel Agents,Hawker Britton,79 109 681 405
Australian Pompe Association,Ogilvy PR Agency Pty Limited,89 096 965 794
Australian Distillers Association,Hawker Britton,79 109 681 405
Australian Country Choice Holdings Pty Ltd,Anacta Strategies Pty Ltd,64 633 978 677
Australian Consulting Architects Pty Ltd,Cornerstone Group,9915 3936 719
Bendigo and Adelaide Bank Limited,GRACosway Pty Ltd,50 082 123 822
Australian Chiropractors Association,Ogilvy PR Agency Pty Limited,89 096 965 794
Australian Automotive Dealer Association,PremierNational,71 619 450 841
Australian Association of Psychologists Inc (AAPi),TJM Public Affairs,87 549 086 100
Australian Alliance to End Homelessness,Fifty Acres - The Communications Agency,29 145 634 224
Australian Energy Council Limited,PremierNational,71 619 450 841
Australia India Youth Dialogue Limited,Willard Public Affairs Pty Ltd,17 165 851 856
Australia Chile Brothers Pty Ltd,Jacaranda Advisory,41 673 550 487
Australian Mobile Telecommunications Association (AMTA),TJM Public Affairs,87 549 086 100
Australasian Off Road Vehicle Association,Spring Street Advisory,92 603 411 650
AUSTRALASIAN COLLEGE OF PARAMEDICINE LTD,Fifty Acres - The Communications Agency,29 145 634 224
Australasian College of Cosmetic Surgery,Cornerstone Group,9915 3936 719
AUSTRALASIAN ASSOCIATION OF NUCLEAR MEDICINE SPECIALISTS,CMAX Advisory,73 130 740 546
Austcap,Next Level Strategic Services,27 613 857 668
Australia Post ,SEC Newgate,38162366056
AUSEV,CRISIS&COMMS CO,56 637 786 899
Archie Bros Australia Pty Ltd,Liquor Licensing Consultants,58 679 042 968
Australian Funeral Directors Association,Alistair Nicholas Consulting Pty Ltd,81 655 939 852
APA Group,Barton Deakin,65 140 067 287
Anthony Family Trust,Precise Hospitality Licensing,46220117164
Annsca Prospecting PTY LTD,S A Milgate & Associates Pty Ltd,54 078 858 401
Annsca Energy PTY LTD,S A Milgate & Associates Pty Ltd,54 078 858 401
Angel Flight Australia (ABN 43 103 477 069),Australian Public Affairs,20 098 705 403
ANDHealth,CPR Communications and Public Relations Pty Ltd (Melbourne),"ABN 94064357544, ACN 064357544"
Ampol,Northstar Public Affairs Pty Ltd,25 638 744 046
AMP Capital,Hawker Britton,79 109 681 405
Australian College of Nursing Ltd,CMAX Advisory,73 130 740 546
Amla Investments Pty Ltd,Liquor Licensing Consultants,58 679 042 968
American Express,SEC Newgate,38162366056
AMAZON COMMERCIAL SERVICES PTY LTD,Sling and Stone,87 145 965 466
Altum Properties No. 8 Pty Ltd,PolicyWonks,50 463 070 316
All About the Food Pty Ltd,Commercial Licensing Specialists,33 134 318 595
Arana Leagues Club ,DWS Hospitality Specialists,50 113 985 247
Alex Fraser Group,GRACosway Pty Ltd,50 082 123 822
Amicus Therapeutics,Ogilvy PR Agency Pty Limited,89 096 965 794
ALDI Stores,GRACosway Pty Ltd,50 082 123 822
Alcohol and Drug Foundation,Michelson Alexander Pty Ltd,50 660 359 866
Alceon,Social Impact (Qld),13 112 982 323
Apple,Hawker Britton,79 109 681 405
Alexandra Community Group,Project Urban Pty Ltd,97 608 895 923
Airbnb,Anacta Strategies Pty Ltd,64 633 978 677
Amazon,Hawker Britton,79 109 681 405
Australasian Society of Aesthetic Plastic Surgeons,Australian Public Affairs,20 098 705 403
Agrimix Pastures Pty Ltd,TG Public Affairs,23630677673
Agersens,LK Creative Pty Ltd,ACN 140  857 432
AJ Hackett,Staerk Government and Media,32 844 592 574
Aircraft Owners and Pilots Association of Australia,Strategic Political Counsel,24613884763
Afterpay Touch,DPG Advisory Solutions Pty Ltd,14 634 403 115
Affordable Community Housing Pty Ltd,Cornerstone Group,9915 3936 719
AIA Australia Limited,Willard Public Affairs Pty Ltd,17 165 851 856
AIRBUS AUSTRALIA PACIFIC LIMITED,CMAX Advisory,73 130 740 546
Adpen,Staerk Government and Media,32 844 592 574
AdminCorp Pty Ltd,Jutsum Advisory Pty Ltd,68 973 583 422
ADG Engineering Pty Ltd,Rowland Pty Ltd,59 011 033 364
Aeris Resources,Cannings Purple,37 108 802 366
Adelaide Airport,TG Public Affairs,23630677673
Active	AUSTRALIAN SOCIETY OF GENERAL PRACTICE,Govstrat Pty Ltd,64 964 952 044
Access Testing Pty Ltd,Federation Public Affairs,19 642 230 162
Abbvie Australia,Ogilvy PR Agency Pty Limited,89 096 965 794
Abbott,London Agency,73145352147
AH & MM Pty Ltd,Commercial Licensing Specialists,33 134 318 595
Adrians Metal Recyclers,Jutsum Advisory Pty Ltd,68 973 583 422
4th Harmonic Pty Ltd,CRISIS&COMMS CO,56 637 786 899
360 International Group Pty Ltd,Liquor Licensing Consultants,58 679 042 968
2 Tribes Pty Ltd,Commercial Licensing Specialists,33 134 318 595
Agripower,Momentum Strategic Communication Services,66 196 172 628
86400 HOLDINGS PTY LTD,Sling and Stone,87 145 965 466
3M AUSTRALIA PTY LTD,Ogilvy PR Agency Pty Limited,89 096 965 794
Aged Care Decisions,Next Level Strategic Services,27 613 857 668
AGB Events,Hawker Britton,79 109 681 405
